iter	CatBoostEvalMetricDeviation	RMSE
0	6.41126716	164483.3486
1	6.185011785	157424.288
2	5.993436087	151235.7686
3	5.830736115	145856.011
4	5.679416776	141254.9829
5	5.56402287	137319.9897
6	5.470097172	133922.3373
7	5.377543647	130990.168
8	5.277216682	128442.7445
9	5.191852939	126110.8275
10	5.107976416	124193.1953
11	5.028829901	122528.0762
12	4.960942868	121168.7072
13	4.898782289	119939.944
14	4.833614001	118825.7094
15	4.781408985	117847.2318
16	4.74324399	117039.4932
17	4.707080392	116293.8253
18	4.669950968	115557.0181
19	4.640333733	114945.1679
20	4.59611443	114389.6402
21	4.56673562	113816.1747
22	4.54502064	113309.8668
23	4.525446498	112734.3855
24	4.488611638	112286.1387
25	4.472169743	111925.6026
26	4.458149574	111577.0096
27	4.433033136	111239.6593
28	4.419224252	110810.411
29	4.40758922	110502.7424
30	4.388286882	110150.5584
31	4.375920361	109866.2783
32	4.370971985	109570.5971
33	4.357261583	109386.4138
34	4.348001741	109184.5956
35	4.33128197	108968.3917
36	4.324663505	108682.3103
37	4.321474937	108390.9475
38	4.31613682	108284.0751
39	4.304257937	108061.7458
40	4.297687347	107862.1042
41	4.286462193	107746.0686
42	4.28484579	107519.5666
43	4.280739764	107330.6134
44	4.277814353	107155.0993
45	4.271710664	107004.7237
46	4.268393099	106878.4501
47	4.266756804	106786.3498
48	4.262203385	106472.413
49	4.25875493	106250.8054
50	4.256744234	106114.5436
51	4.253469143	105894.9504
52	4.243895706	105696.7774
53	4.243806068	105584.1908
54	4.240610489	105484.19
55	4.236280336	105344.1352
56	4.235747834	105159.4265
57	4.234876551	105058.2273
58	4.232194596	104879.5329
59	4.230855536	104742.355
60	4.227057508	104608.054
61	4.224139414	104539.6283
62	4.221749827	104328.7305
63	4.220409315	104238.3234
64	4.213784146	104128.7925
65	4.210662161	103999.4787
66	4.209880586	103894.5724
67	4.205971309	103853.3081
68	4.205156952	103791.5423
69	4.202182841	103675.3326
70	4.199435634	103581.3819
71	4.19838027	103477.9082
72	4.197289915	103353.1309
73	4.192215888	103277.1295
74	4.19074846	103178.5552
75	4.189919443	103096.5491
76	4.188609778	102948.68
77	4.186571837	102828.8275
78	4.184531967	102678.6468
79	4.182470703	102599.924
80	4.174178566	102511.6573
81	4.172555146	102408.4832
82	4.169336449	102328.8815
83	4.167505357	102267.2592
84	4.165958962	102133.1584
85	4.165329494	102016.1401
86	4.16378135	101941.0188
87	4.162612446	101882.5408
88	4.162435916	101769.3231
89	4.162049992	101679.5523
90	4.161928608	101631.3634
91	4.1612818	101575.1361
92	4.160729401	101455.9133
93	4.160471291	101354.1981
94	4.157536636	101330.0831
95	4.157402318	101242.7701
96	4.157013503	101172.0999
97	4.156266802	101094.8937
98	4.154229688	101005.2312
99	4.153378524	100898.9485
100	4.150624125	100727.8953
101	4.149705939	100650.4212
102	4.149395083	100611.8784
103	4.147807618	100468.3132
104	4.14608764	100361.4792
105	4.145392684	100284.8951
106	4.143840112	100213.4737
107	4.143866461	100174.3867
108	4.141447536	100028.7424
109	4.140189167	99872.70578
110	4.13320336	99804.35016
111	4.13282836	99756.46493
112	4.131846975	99689.26248
113	4.130760499	99602.32893
114	4.129773538	99537.46373
115	4.128943559	99485.19611
116	4.128729954	99445.20042
117	4.126688189	99370.40533
118	4.126024311	99276.37808
119	4.125184824	99189.16554
120	4.122790482	99070.89985
121	4.122563016	99019.10279
122	4.12279284	98992.44998
123	4.122337363	98907.84034
124	4.122413344	98854.4514
125	4.122256508	98810.52108
126	4.117124239	98766.68863
127	4.115863737	98661.06958
128	4.113343134	98633.14485
129	4.112160419	98587.82798
130	4.111794746	98524.99652
131	4.11068859	98437.991
132	4.110083823	98373.13895
133	4.106581315	98318.13401
134	4.10270365	98290.29837
135	4.101340976	98264.6308
136	4.100256215	98183.53149
137	4.099607427	98106.55355
138	4.099061159	98053.30009
139	4.097960505	97957.85153
140	4.098241588	97934.9596
141	4.097280543	97869.3102
142	4.095946863	97760.87508
143	4.096128583	97741.94124
144	4.09548155	97642.63253
145	4.095174896	97568.74723
146	4.093958306	97485.37283
147	4.093843763	97395.60603
148	4.092836858	97295.00033
149	4.091642261	97213.16158
150	4.081061911	97164.14603
151	4.079362953	97049.33981
152	4.077957877	96933.64731
153	4.077827646	96881.41039
154	4.077774304	96864.23622
155	4.077063594	96820.48155
156	4.076117231	96742.53067
157	4.075128963	96675.85353
158	4.074537814	96619.33494
159	4.074441224	96548.81062
160	4.073969712	96526.65855
161	4.073117745	96466.1195
162	4.071942696	96392.53873
163	4.071566541	96370.05473
164	4.070930931	96331.37318
165	4.070571108	96301.84009
166	4.070130976	96232.54551
167	4.070109283	96182.87804
168	4.070198958	96135.91903
169	4.069853181	96074.35263
170	4.063433033	96018.70725
171	4.062121902	95987.81943
172	4.061157012	95925.63651
173	4.060964	95851.36232
174	4.057908905	95813.30988
175	4.057588549	95795.98158
176	4.057164337	95725.27767
177	4.056387163	95624.34164
178	4.053982557	95583.92445
179	4.054005685	95581.67766
180	4.053406546	95521.09514
181	4.05321238	95484.05038
182	4.052692735	95406.18673
183	4.052889594	95363.83675
184	4.052668465	95312.37171
185	4.052458293	95262.74734
186	4.052532439	95208.09822
187	4.051729814	95147.86287
188	4.051150856	95115.71151
189	4.049805539	95063.52158
190	4.049605527	94992.77592
191	4.048685184	94927.49646
192	4.048292907	94875.46358
193	4.048121579	94823.6008
194	4.048165693	94807.31282
195	4.047943422	94741.01906
196	4.04581595	94704.97086
197	4.04484529	94636.06879
198	4.043748566	94554.51984
199	4.043452266	94538.52644
200	4.040182884	94475.91249
201	4.038255582	94399.43147
202	4.037537798	94320.00673
203	4.036201719	94221.61074
204	4.035594853	94145.46678
205	4.034499847	94071.24669
206	4.033346233	93982.02798
207	4.032906407	93930.09669
208	4.031216318	93858.98617
209	4.030884775	93811.18315
210	4.02474482	93758.90513
211	4.022940319	93732.97464
212	4.022380594	93699.46577
213	4.022168905	93648.99636
214	4.02147437	93574.89481
215	4.020379164	93516.42543
216	4.020844462	93480.52772
217	4.020854373	93478.60948
218	4.020229724	93408.0873
219	4.016414842	93367.53851
220	4.015186786	93338.45342
221	4.014544791	93287.36297
222	4.014275444	93251.24088
223	4.01347168	93157.42277
224	4.011456623	93132.84275
225	4.010787917	93089.7646
226	4.010280941	93012.05241
227	4.009485343	92977.27801
228	4.009494416	92975.54931
229	4.009514123	92946.12346
230	4.008639102	92884.39336
231	4.007654926	92830.13847
232	4.006802027	92781.04029
233	4.006750497	92738.36491
234	4.005953316	92685.55621
235	4.005525794	92660.15364
236	4.004707818	92614.08894
237	4.004222398	92571.81479
238	4.003275247	92504.67922
239	4.002567985	92438.54363
240	4.001719733	92391.82115
241	4.001050174	92326.8422
242	4.001048262	92325.18921
243	3.99991186	92250.45261
244	3.995701725	92201.36898
245	3.994128484	92168.40905
246	3.991050237	92121.30041
247	3.990088736	92065.58584
248	3.987227542	92026.127
249	3.986739798	91967.6978
250	3.986382598	91940.18674
251	3.986337733	91922.25645
252	3.986340653	91920.71842
253	3.986115344	91872.18934
254	3.985535302	91841.7983
255	3.984624724	91802.41175
256	3.984482014	91751.62507
257	3.984022922	91723.38692
258	3.983406436	91658.97316
259	3.98345001	91626.27433
260	3.98314351	91589.97309
261	3.97644557	91561.57691
262	3.975274188	91532.02218
263	3.975251149	91492.21671
264	3.975062244	91444.54893
265	3.974905404	91418.76665
266	3.974864028	91406.31472
267	3.974889959	91401.84037
268	3.974781658	91362.77438
269	3.974449128	91319.92468
270	3.974124726	91308.08693
271	3.974011417	91262.4229
272	3.972262662	91172.14327
273	3.972264718	91170.6955
274	3.968929541	91128.62487
275	3.968913791	91109.83588
276	3.968876195	91086.74303
277	3.968618958	91055.93589
278	3.968624705	91054.63534
279	3.967106726	91040.20675
280	3.966564354	90978.83707
281	3.966410544	90939.67994
282	3.966274876	90913.83143
283	3.965654927	90849.86553
284	3.965045418	90821.18024
285	3.964928571	90791.94159
286	3.964515948	90766.09634
287	3.964576695	90758.801
288	3.963866504	90704.42984
289	3.962548402	90666.20352
290	3.962208053	90628.58408
291	3.961865609	90605.0091
292	3.959042233	90560.8465
293	3.957128952	90532.53254
294	3.957133813	90531.31438
295	3.956275941	90524.83373
296	3.955386982	90485.74945
297	3.955176682	90460.21789
298	3.953470703	90381.20154
299	3.953273739	90329.59114
300	3.953433167	90281.25191
301	3.952363096	90224.98513
302	3.951924434	90169.16434
303	3.950342531	90118.36855
304	3.948723788	90022.20731
305	3.948195452	89982.21688
306	3.948157162	89970.43132
307	3.947612412	89931.61334
308	3.947369121	89912.26661
309	3.946801805	89878.41111
310	3.946299318	89827.34909
311	3.945873149	89799.23376
312	3.944389455	89752.78331
313	3.944512878	89698.85389
314	3.944061346	89655.16264
315	3.940266885	89638.31669
316	3.93988195	89582.3182
317	3.938280543	89536.40066
318	3.938290686	89535.25577
319	3.937621402	89512.35266
320	3.936844036	89482.35833
321	3.933176189	89460.54815
322	3.932557883	89450.27666
323	3.93224007	89423.1919
324	3.932250071	89422.09399
325	3.931378473	89390.5504
326	3.930930824	89359.45672
327	3.930554939	89314.71828
328	3.928032553	89278.93082
329	3.928011218	89267.49874
330	3.927949363	89242.40154
331	3.927939106	89232.52635
332	3.927667934	89188.86939
333	3.927634818	89167.53107
334	3.926965596	89125.77644
335	3.926932384	89087.37765
336	3.926937186	89086.31784
337	3.926043155	89058.33079
338	3.926103891	89031.45663
339	3.926253011	89006.48853
340	3.925518658	88981.93357
341	3.924912751	88954.60452
342	3.92432553	88922.63926
343	3.922801879	88878.28378
344	3.922477981	88835.09396
345	3.922215756	88819.07837
346	3.92170561	88791.60202
347	3.921356676	88773.93145
348	3.921346206	88771.84494
349	3.921018137	88749.91591
350	3.920794869	88734.80415
351	3.920566975	88705.23638
352	3.920343189	88695.64201
353	3.920157167	88674.73202
354	3.919991104	88663.91108
355	3.918996863	88629.20032
356	3.918967512	88613.09689
357	3.91805979	88599.44848
358	3.917836487	88568.54849
359	3.917839532	88565.36797
360	3.91595025	88530.25843
361	3.915238971	88480.24681
362	3.915190106	88467.44667
363	3.913655037	88453.62882
364	3.913660086	88441.83296
365	3.913488104	88405.68288
366	3.912627643	88389.34635
367	3.911931663	88353.06647
368	3.910953694	88317.02656
369	3.911190006	88280.79868
370	3.911084222	88272.27093
371	3.910664376	88232.06753
372	3.909490498	88175.67056
373	3.909204649	88137.17221
374	3.909120079	88116.86078
375	3.909291781	88080.7066
376	3.909031797	88052.05694
377	3.906222734	88025.31583
378	3.905165696	87988.89372
379	3.900401448	87966.60158
380	3.900065328	87937.98752
381	3.89899836	87900.76698
382	3.898421725	87873.01216
383	3.898190073	87855.98418
384	3.898209818	87810.37082
385	3.897820838	87773.49574
386	3.897729226	87744.14173
387	3.897775852	87740.51998
388	3.897253805	87691.73026
389	3.897021743	87688.94198
390	3.896938035	87678.22154
391	3.896964464	87670.88021
392	3.896865573	87649.03515
393	3.894888696	87616.23411
394	3.894739218	87598.39526
395	3.894483465	87573.46917
396	3.894262991	87555.98835
397	3.893737175	87503.64839
398	3.892723865	87486.88941
399	3.89210807	87451.93692
400	3.892294078	87410.42121
401	3.892362892	87382.95032
402	3.89146331	87360.85533
403	3.891688871	87331.59471
404	3.891015833	87316.58815
405	3.886451884	87297.47742
406	3.886851182	87275.02789
407	3.886362245	87239.79665
408	3.886167815	87206.68986
409	3.88341447	87162.76087
410	3.883308449	87152.20301
411	3.883330481	87149.50627
412	3.882865284	87130.58222
413	3.882205383	87103.37663
414	3.882053955	87078.72387
415	3.881566129	87045.55245
416	3.879981071	87018.66641
417	3.879529391	86965.30451
418	3.879550884	86953.02366
419	3.879383948	86935.32268
420	3.878950849	86917.9484
421	3.878655607	86908.78666
422	3.87786081	86880.61831
423	3.878215348	86852.10924
424	3.878052073	86840.88073
425	3.877182299	86791.56393
426	3.877100166	86774.6375
427	3.876824203	86737.22059
428	3.877021006	86712.47906
429	3.876617567	86694.89642
430	3.875719256	86657.69565
431	3.87565976	86641.3095
432	3.875601884	86636.24007
433	3.874418333	86614.4393
434	3.873946	86604.0647
435	3.873833852	86585.33996
436	3.873836871	86558.1381
437	3.873554098	86523.21623
438	3.873266148	86492.0452
439	3.872195348	86460.8237
440	3.87220813	86460.11435
441	3.872287706	86431.06468
442	3.86833735	86414.39338
443	3.867655402	86391.98038
444	3.867768198	86373.91301
445	3.867712097	86362.89085
446	3.867590209	86352.66898
447	3.867423037	86329.11677
448	3.866639973	86298.10667
449	3.866651524	86280.45266
450	3.866040332	86258.82733
451	3.864825064	86233.96261
452	3.863681516	86198.08337
453	3.86357719	86190.65391
454	3.863420052	86153.22519
455	3.862253262	86110.99577
456	3.862003345	86083.78824
457	3.86179182	86072.71207
458	3.861783491	86068.2151
459	3.861165461	86054.42634
460	3.860200856	85999.84212
461	3.859203682	85962.18522
462	3.858549114	85935.47772
463	3.858280679	85893.11298
464	3.857509957	85868.32235
465	3.856947576	85856.29507
466	3.854268798	85830.93587
467	3.854624106	85812.17269
468	3.854363409	85784.84005
469	3.854487404	85767.06942
470	3.854393595	85735.50243
471	3.854031952	85708.66057
472	3.853992482	85702.94771
473	3.854079818	85690.84287
474	3.851079545	85669.65226
475	3.851101383	85661.87993
476	3.850620435	85647.10778
477	3.850599111	85626.20053
478	3.850378171	85605.12227
479	3.850496003	85586.71945
480	3.849938047	85558.47501
481	3.849945834	85536.52231
482	3.849478392	85518.81664
483	3.849269827	85496.5104
484	3.849460362	85480.43221
485	3.848833744	85465.86256
486	3.848947839	85436.02353
487	3.84855282	85407.0523
488	3.848218665	85388.19486
489	3.848076056	85374.15393
490	3.847376691	85330.13368
491	3.847246399	85322.57366
492	3.847260572	85322.09832
493	3.846849466	85301.06358
494	3.846540508	85282.293
495	3.846365852	85236.66904
496	3.845796634	85195.4211
497	3.845526334	85185.61528
498	3.845053496	85165.88962
499	3.843574193	85148.68423
500	3.843540213	85127.70785
501	3.843092374	85095.04138
502	3.84263987	85085.02247
503	3.842467597	85073.26744
504	3.842409503	85050.91932
505	3.842141022	85035.25844
506	3.841205654	85003.21359
507	3.841193424	84979.15317
508	3.841024694	84945.4751
509	3.840887278	84929.54749
510	3.841194955	84910.68519
511	3.840719207	84870.36164
512	3.840524242	84852.32499
513	3.840266006	84833.85514
514	3.83991133	84796.32813
515	3.839578057	84774.35633
516	3.839191849	84734.16016
517	3.837657387	84709.19232
518	3.837430778	84688.96015
519	3.837142013	84660.73966
520	3.837162915	84639.31547
521	3.83718334	84638.87927
522	3.836864777	84625.30894
523	3.836226865	84610.27274
524	3.836164037	84588.77416
525	3.836016536	84573.24554
526	3.835875745	84567.7058
527	3.835906881	84557.87018
528	3.834526593	84534.73735
529	3.834096017	84518.66558
530	3.83373474	84497.65074
531	3.833547976	84478.55045
532	3.833554311	84478.16479
533	3.832574799	84427.97403
534	3.83185962	84398.61581
535	3.831817648	84388.58757
536	3.830688058	84353.08068
537	3.830661123	84322.22356
538	3.830407309	84306.78076
539	3.830204809	84289.58917
540	3.829503825	84254.84839
541	3.827957431	84226.22549
542	3.828038397	84212.71444
543	3.827549458	84181.52437
544	3.827284331	84168.65499
545	3.827200857	84156.75353
546	3.826832372	84128.17625
547	3.827035848	84112.06994
548	3.826547017	84090.28397
549	3.825997603	84053.29984
550	3.825464986	84033.79962
551	3.825540393	84030.54654
552	3.82446826	84012.69521
553	3.82394922	84008.44894
554	3.82218406	83984.89083
555	3.821155785	83966.9734
556	3.8210119	83951.05083
557	3.821342551	83935.97957
558	3.821282266	83930.99839
559	3.821159721	83917.81769
560	3.821032024	83908.10653
561	3.821062481	83893.67502
562	3.818835579	83878.19956
563	3.819119348	83853.76736
564	3.818812164	83836.09025
565	3.818566639	83823.10273
566	3.818343283	83810.11331
567	3.817976282	83803.69218
568	3.817855118	83792.89549
569	3.817724619	83777.55268
570	3.817446339	83765.31381
571	3.817838242	83744.87527
572	3.817420675	83714.2906
573	3.817279243	83704.40373
574	3.816659655	83669.39474
575	3.815924227	83645.33494
576	3.815350056	83617.45987
577	3.815565284	83603.52041
578	3.813380898	83582.32551
579	3.813280972	83576.58524
580	3.812968125	83553.54429
581	3.812760552	83520.11348
582	3.812471314	83488.17868
583	3.811830711	83475.31832
584	3.811837657	83474.96521
585	3.811804563	83463.69841
586	3.811711957	83452.53165
587	3.811639632	83436.72433
588	3.810580625	83415.45338
589	3.810588793	83411.64168
590	3.810237566	83394.98289
591	3.80856641	83378.15814
592	3.808305596	83359.38536
593	3.808132942	83338.38538
594	3.808055878	83324.89996
595	3.807817938	83296.78913
596	3.807823152	83296.46127
597	3.807533374	83285.74293
598	3.807295085	83267.84151
599	3.807148597	83257.97086
600	3.806744385	83226.93148
601	3.806501972	83219.06755
602	3.803958483	83204.58498
603	3.804081843	83188.11399
604	3.803683534	83183.83904
605	3.803813403	83177.86469
606	3.803739633	83165.82229
607	3.803244337	83146.83704
608	3.802903152	83104.23569
609	3.802426452	83081.10393
610	3.801897625	83072.32655
611	3.80214084	83057.2859
612	3.802160415	83054.04778
613	3.801265984	83045.41657
614	3.801127035	83031.68889
615	3.801060814	83014.37384
616	3.80108352	83012.63542
617	3.801006504	82994.05613
618	3.800946839	82981.49471
619	3.798750028	82968.81475
620	3.798146294	82940.89933
621	3.797785096	82921.83862
622	3.797452499	82899.28701
623	3.796780861	82874.84884
624	3.796137482	82851.31534
625	3.796035456	82842.32801
626	3.795872279	82827.99382
627	3.795502228	82808.2504
628	3.795531248	82806.49047
629	3.795469731	82795.75299
630	3.795188811	82785.70309
631	3.795100735	82777.68258
632	3.794220358	82745.70675
633	3.79396659	82737.71928
634	3.793522173	82715.34203
635	3.793507851	82689.85567
636	3.793005946	82654.65806
637	3.792600435	82641.41383
638	3.792850848	82632.85163
639	3.792761868	82626.12233
640	3.792724656	82615.76524
641	3.791716604	82584.00212
642	3.79126105	82572.48271
643	3.791124126	82563.14507
644	3.791060088	82556.97327
645	3.790563169	82529.12612
646	3.790563733	82506.09969
647	3.790219195	82496.76679
648	3.789328769	82480.64363
649	3.789207312	82464.87177
650	3.789324042	82447.68138
651	3.789272047	82439.15076
652	3.789209101	82432.66718
653	3.7892251	82431.78116
654	3.788703744	82416.18657
655	3.788603846	82410.2718
656	3.788231093	82393.28853
657	3.787852261	82359.98404
658	3.787680954	82342.82896
659	3.787438567	82321.84583
660	3.787560357	82286.56826
661	3.787417651	82281.81333
662	3.78737447	82275.40842
663	3.786747208	82247.07405
664	3.786652737	82226.32701
665	3.786679052	82221.30114
666	3.786377269	82188.32775
667	3.786068563	82164.72403
668	3.786017161	82156.03847
669	3.786000974	82145.66463
670	3.785772845	82134.66834
671	3.785165657	82112.2096
672	3.78485916	82102.96743
673	3.785018333	82094.46587
674	3.784753429	82082.80227
675	3.784762771	82082.52901
676	3.784484349	82064.63608
677	3.784450734	82062.27614
678	3.78435431	82047.93306
679	3.784026642	82039.47553
680	3.783331439	82012.00676
681	3.782764894	81999.42622
682	3.78238403	81983.4327
683	3.781920343	81967.34733
684	3.781897942	81953.64499
685	3.781595106	81928.13003
686	3.781141742	81898.38795
687	3.780991913	81877.91617
688	3.779342679	81864.50433
689	3.779314096	81839.50375
690	3.778148667	81820.07212
691	3.777099503	81789.41326
692	3.776718889	81771.5714
693	3.776721413	81771.32572
694	3.776484605	81749.88562
695	3.776656108	81749.05347
696	3.776156235	81732.12404
697	3.776118773	81717.19911
698	3.775716003	81701.74824
699	3.775634995	81692.85812
700	3.775343377	81674.56356
701	3.77537186	81661.9181
702	3.774447183	81648.62764
703	3.774401985	81642.62355
704	3.77410839	81620.29283
705	3.774182994	81611.48667
706	3.77221318	81597.07866
707	3.770714137	81582.86618
708	3.770452489	81572.45433
709	3.770166199	81563.41726
710	3.769539484	81527.65051
711	3.769028214	81495.66534
712	3.768950198	81481.86465
713	3.768822942	81476.3464
714	3.768655171	81460.80059
715	3.768773112	81453.45636
716	3.768667439	81444.74368
717	3.76856132	81431.36196
718	3.768375203	81407.78037
719	3.768287315	81399.98405
720	3.768011266	81387.81145
721	3.767717117	81386.01074
722	3.767698717	81380.1853
723	3.767707655	81372.8653
724	3.76752085	81363.831
725	3.767639307	81353.81294
726	3.767672789	81348.98233
727	3.765995613	81319.16308
728	3.765822958	81291.51223
729	3.76586244	81287.51129
730	3.76573989	81272.81166
731	3.765596555	81261.44729
732	3.765351548	81240.14333
733	3.765396782	81236.52749
734	3.765217364	81228.59737
735	3.765182263	81209.56205
736	3.764988508	81197.2457
737	3.764152913	81183.28798
738	3.763971788	81174.46102
739	3.762557655	81162.92424
740	3.762426175	81152.79787
741	3.762349759	81139.19508
742	3.762271503	81135.30261
743	3.762185234	81120.68791
744	3.762067575	81107.48899
745	3.761471065	81083.6822
746	3.761117796	81063.79586
747	3.761003872	81057.29562
748	3.761213168	81049.33844
749	3.761098321	81037.74602
750	3.760642873	81020.50786
751	3.760336731	81003.77889
752	3.760280737	80982.83513
753	3.759942205	80979.71894
754	3.759741534	80958.17018
755	3.759423816	80952.83857
756	3.758957244	80939.96054
757	3.758404368	80928.58949
758	3.758223143	80919.55203
759	3.758240783	80914.06037
760	3.757860943	80897.28977
761	3.757618893	80885.03574
762	3.757212745	80872.9736
763	3.756424621	80857.63875
764	3.756455041	80851.35429
765	3.756301435	80826.9514
766	3.756390861	80821.47377
767	3.756318541	80813.13487
768	3.755968124	80785.00136
769	3.755764748	80763.47646
770	3.755501935	80755.48322
771	3.754813614	80729.43012
772	3.754801074	80725.42099
773	3.754561254	80713.69941
774	3.754523154	80703.38034
775	3.752875016	80680.26342
776	3.752627839	80654.35051
777	3.75266202	80643.73673
778	3.75221752	80632.77273
779	3.751938293	80615.27774
780	3.751665033	80605.08939
781	3.75101844	80580.70834
782	3.751180693	80572.12088
783	3.751063558	80549.03513
784	3.750848291	80526.62491
785	3.750867961	80523.37062
786	3.749318163	80504.34679
787	3.748713242	80471.34564
788	3.748504856	80458.44557
789	3.748588739	80439.31843
790	3.747852785	80412.93316
791	3.747763719	80409.62366
792	3.747759244	80405.97756
793	3.747517034	80393.20627
794	3.746979112	80371.66032
795	3.746861525	80349.56782
796	3.746910632	80339.33151
797	3.746746994	80334.76103
798	3.746302156	80311.53696
799	3.744557678	80302.06861
800	3.743926024	80282.32705
801	3.742373073	80267.85956
802	3.742032195	80251.46457
803	3.741976374	80245.89673
804	3.741546251	80237.20206
805	3.74061976	80225.3334
806	3.740426858	80210.24017
807	3.740339033	80204.89872
808	3.740364587	80197.90463
809	3.74027541	80192.86946
810	3.739007603	80177.83228
811	3.739000525	80171.58371
812	3.73877631	80165.65773
813	3.738264824	80155.57212
814	3.738381307	80124.00784
815	3.73835826	80120.22671
816	3.738417373	80117.80369
817	3.738345995	80113.01986
818	3.738129751	80105.87045
819	3.738127174	80100.92575
820	3.737146563	80079.1406
821	3.736657726	80063.87578
822	3.736760864	80060.63052
823	3.73647927	80057.72622
824	3.736159269	80042.96025
825	3.736056705	80028.47415
826	3.735960816	80013.34182
827	3.735504069	80004.39522
828	3.735490212	79987.85848
829	3.735588548	79985.07878
830	3.735322555	79975.85574
831	3.734951494	79952.78758
832	3.734936928	79947.95481
833	3.734311251	79935.63935
834	3.733226367	79925.02051
835	3.733041858	79922.90849
836	3.732715083	79898.31025
837	3.732550215	79881.78439
838	3.732196673	79854.57301
839	3.731671813	79842.32366
840	3.731763884	79834.95403
841	3.731737872	79818.95956
842	3.731277499	79798.68049
843	3.731247952	79787.08294
844	3.730663222	79762.90955
845	3.730614126	79755.54587
846	3.730491907	79738.89637
847	3.730330123	79733.11834
848	3.730549433	79729.27699
849	3.730410032	79716.26935
850	3.729845833	79702.55
851	3.729521535	79687.79089
852	3.729421379	79676.71119
853	3.728874804	79665.25586
854	3.72856525	79646.24632
855	3.728377963	79632.4233
856	3.728352986	79621.13588
857	3.727763575	79606.12296
858	3.727102062	79586.09209
859	3.727133902	79577.71804
860	3.727089341	79572.73273
861	3.72648213	79546.46226
862	3.726373904	79526.99489
863	3.726221175	79513.85279
864	3.726004048	79503.59991
865	3.725120747	79489.28774
866	3.724910171	79478.09417
867	3.724966707	79467.57149
868	3.724924739	79455.84733
869	3.724813515	79451.21688
870	3.724324193	79433.80649
871	3.723924414	79407.0495
872	3.723194043	79397.61046
873	3.722614541	79370.47436
874	3.722245708	79358.33335
875	3.72208298	79344.13739
876	3.72170746	79319.27744
877	3.721435623	79301.21738
878	3.72072505	79285.27879
879	3.720659974	79274.68283
880	3.720662917	79266.23142
881	3.720568469	79260.18968
882	3.720235364	79248.044
883	3.720051452	79244.35524
884	3.719360673	79228.55802
885	3.71939234	79218.39368
886	3.719236862	79205.09238
887	3.718448481	79190.82202
888	3.717875108	79171.14756
889	3.717836445	79159.01596
890	3.717702128	79156.0672
891	3.717968046	79144.05135
892	3.717934326	79137.41917
893	3.717898254	79120.48555
894	3.716878792	79109.21935
895	3.716576275	79097.77228
896	3.716319867	79068.38868
897	3.716121578	79052.10343
898	3.71608852	79034.55053
899	3.715966867	79025.37427
900	3.716023111	79016.9833
901	3.715749762	79014.27771
902	3.715176795	79003.81572
903	3.715136016	78981.1625
904	3.714949689	78966.8144
905	3.714584419	78956.79664
906	3.71476834	78951.13252
907	3.71452546	78934.6029
908	3.713928308	78900.27592
909	3.71367976	78884.14012
910	3.713326238	78871.08963
911	3.713349391	78853.42613
912	3.713179022	78840.83906
913	3.713218748	78830.04902
914	3.713010521	78809.75682
915	3.712538366	78784.08977
916	3.711974914	78769.27947
917	3.712094466	78758.47504
918	3.711225671	78744.93048
919	3.709776052	78726.28039
920	3.70922798	78715.13729
921	3.709083502	78698.89589
922	3.707197235	78690.57949
923	3.707204545	78686.39896
924	3.706874799	78679.23817
925	3.707000651	78671.26298
926	3.706593699	78667.89933
927	3.706631201	78655.4024
928	3.706139613	78639.35185
929	3.705867286	78629.48587
930	3.705316483	78613.22998
931	3.705191446	78590.86197
932	3.704933285	78580.93611
933	3.704714631	78578.36904
934	3.704557935	78574.65299
935	3.704335606	78564.31036
936	3.703718624	78550.08543
937	3.703564581	78546.78402
938	3.703352862	78533.23882
939	3.70284008	78521.30202
940	3.702677921	78510.38912
941	3.701847702	78492.13663
942	3.70136305	78483.11156
943	3.701443641	78470.53061
944	3.701221768	78455.81199
945	3.700372208	78440.15611
946	3.700005468	78424.4918
947	3.700227522	78420.677
948	3.700312171	78404.04426
949	3.699783985	78394.39472
950	3.699055659	78377.24016
951	3.698636058	78345.6473
952	3.698329714	78330.04656
953	3.697955343	78316.65848
954	3.697983618	78314.53369
955	3.697918543	78309.06222
956	3.697622261	78285.97804
957	3.697296919	78268.62604
958	3.697081072	78258.55553
959	3.696804345	78243.03009
960	3.696817263	78240.52844
961	3.696730175	78234.99117
962	3.696441381	78231.7343
963	3.696148075	78207.01362
964	3.696001331	78186.99277
965	3.695904898	78172.58261
966	3.695820308	78141.9426
967	3.695015426	78114.33575
968	3.694897411	78103.07752
969	3.694738692	78099.17348
970	3.694128208	78088.79173
971	3.693527753	78067.39592
972	3.693577356	78060.13325
973	3.692945134	78043.36319
974	3.692972092	78037.20718
975	3.692349181	78021.57273
976	3.6919568	78002.26851
977	3.692072622	77992.58703
978	3.691998112	77981.55181
979	3.691624757	77975.5938
980	3.691579098	77959.20225
981	3.691317528	77936.89546
982	3.691514298	77930.15637
983	3.691180583	77921.00473
984	3.690794687	77905.09825
985	3.690522587	77897.43152
986	3.689944722	77878.43118
987	3.689571016	77857.30591
988	3.689380141	77855.08737
989	3.68938918	77847.4577
990	3.689355845	77835.91336
991	3.68920352	77829.12077
992	3.688798669	77822.82003
993	3.68872061	77807.91198
994	3.688383172	77792.55866
995	3.688282314	77784.00869
996	3.687876327	77775.6128
997	3.687838177	77765.13113
998	3.687769314	77759.51191
999	3.687785457	77745.98855
